|Optimizer Name|Running loop number|Epoch number|Average Training Loss
0|SimpleSGD|1|1|2.1444
1|SimpleSGD|1|2|1.2686
2|SimpleSGD|1|3|0.7815
3|SimpleSGD|1|4|0.6796
4|SimpleSGD|1|5|0.6369
5|SimpleSGD|1|6|0.6084
6|SimpleSGD|1|7|0.5868
7|SimpleSGD|1|8|0.5688
8|SimpleSGD|1|9|0.5525
9|SimpleSGD|1|10|0.5383
10|SimpleSGD|2|1|2.1947
11|SimpleSGD|2|2|1.5403
12|SimpleSGD|2|3|0.9089
13|SimpleSGD|2|4|0.7236
14|SimpleSGD|2|5|0.6541
15|SimpleSGD|2|6|0.6143
16|SimpleSGD|2|7|0.5865
17|SimpleSGD|2|8|0.5656
18|SimpleSGD|2|9|0.5476
19|SimpleSGD|2|10|0.532
20|SimpleSGD|3|1|2.1866
21|SimpleSGD|3|2|1.5592
22|SimpleSGD|3|3|0.9555
23|SimpleSGD|3|4|0.7668
24|SimpleSGD|3|5|0.6846
25|SimpleSGD|3|6|0.6353
26|SimpleSGD|3|7|0.6001
27|SimpleSGD|3|8|0.5729
28|SimpleSGD|3|9|0.5514
29|SimpleSGD|3|10|0.5327
30|SimpleSGD|4|1|2.1723
31|SimpleSGD|4|2|1.4779
32|SimpleSGD|4|3|0.8645
33|SimpleSGD|4|4|0.6958
34|SimpleSGD|4|5|0.631
35|SimpleSGD|4|6|0.5926
36|SimpleSGD|4|7|0.5653
37|SimpleSGD|4|8|0.5435
38|SimpleSGD|4|9|0.5254
39|SimpleSGD|4|10|0.51
40|SimpleSGD|5|1|2.1492
41|SimpleSGD|5|2|1.3339
42|SimpleSGD|5|3|0.7988
43|SimpleSGD|5|4|0.6792
44|SimpleSGD|5|5|0.6318
45|SimpleSGD|5|6|0.6012
46|SimpleSGD|5|7|0.5787
47|SimpleSGD|5|8|0.5593
48|SimpleSGD|5|9|0.5421
49|SimpleSGD|5|10|0.5275
50|SimpleSGD|6|1|2.0873
51|SimpleSGD|6|2|1.1966
52|SimpleSGD|6|3|0.7784
53|SimpleSGD|6|4|0.6715
54|SimpleSGD|6|5|0.6237
55|SimpleSGD|6|6|0.5923
56|SimpleSGD|6|7|0.5682
57|SimpleSGD|6|8|0.5486
58|SimpleSGD|6|9|0.5314
59|SimpleSGD|6|10|0.5168
60|SimpleSGD|7|1|2.1882
61|SimpleSGD|7|2|1.573
62|SimpleSGD|7|3|0.9317
63|SimpleSGD|7|4|0.7246
64|SimpleSGD|7|5|0.642
65|SimpleSGD|7|6|0.5956
66|SimpleSGD|7|7|0.564
67|SimpleSGD|7|8|0.5405
68|SimpleSGD|7|9|0.5218
69|SimpleSGD|7|10|0.5061
70|SimpleSGD|8|1|2.0609
71|SimpleSGD|8|2|1.1774
72|SimpleSGD|8|3|0.783
73|SimpleSGD|8|4|0.6766
74|SimpleSGD|8|5|0.6277
75|SimpleSGD|8|6|0.5965
76|SimpleSGD|8|7|0.5729
77|SimpleSGD|8|8|0.5533
78|SimpleSGD|8|9|0.5372
79|SimpleSGD|8|10|0.5237
80|SimpleSGD|9|1|2.1938
81|SimpleSGD|9|2|1.5867
82|SimpleSGD|9|3|0.9627
83|SimpleSGD|9|4|0.7587
84|SimpleSGD|9|5|0.6745
85|SimpleSGD|9|6|0.6248
86|SimpleSGD|9|7|0.59
87|SimpleSGD|9|8|0.5641
88|SimpleSGD|9|9|0.5425
89|SimpleSGD|9|10|0.5245
90|SimpleSGD|10|1|2.1785
91|SimpleSGD|10|2|1.5033
92|SimpleSGD|10|3|0.9135
93|SimpleSGD|10|4|0.7317
94|SimpleSGD|10|5|0.6542
95|SimpleSGD|10|6|0.6079
96|SimpleSGD|10|7|0.5749
97|SimpleSGD|10|8|0.5498
98|SimpleSGD|10|9|0.5304
99|SimpleSGD|10|10|0.5131
100|SimpleSGDCurvature|1|1|0.5428
101|SimpleSGDCurvature|1|2|0.3251
102|SimpleSGDCurvature|1|3|0.2745
103|SimpleSGDCurvature|1|4|0.2432
104|SimpleSGDCurvature|1|5|0.2181
105|SimpleSGDCurvature|1|6|0.1983
106|SimpleSGDCurvature|1|7|0.179
107|SimpleSGDCurvature|1|8|0.1609
108|SimpleSGDCurvature|1|9|0.1439
109|SimpleSGDCurvature|1|10|0.1267
110|SimpleSGDCurvature|2|1|0.543
111|SimpleSGDCurvature|2|2|0.3239
112|SimpleSGDCurvature|2|3|0.2727
113|SimpleSGDCurvature|2|4|0.2393
114|SimpleSGDCurvature|2|5|0.2131
115|SimpleSGDCurvature|2|6|0.1912
116|SimpleSGDCurvature|2|7|0.1729
117|SimpleSGDCurvature|2|8|0.1549
118|SimpleSGDCurvature|2|9|0.1381
119|SimpleSGDCurvature|2|10|0.1235
120|SimpleSGDCurvature|3|1|0.5417
121|SimpleSGDCurvature|3|2|0.3205
122|SimpleSGDCurvature|3|3|0.2709
123|SimpleSGDCurvature|3|4|0.2391
124|SimpleSGDCurvature|3|5|0.2142
125|SimpleSGDCurvature|3|6|0.1928
126|SimpleSGDCurvature|3|7|0.1741
127|SimpleSGDCurvature|3|8|0.1574
128|SimpleSGDCurvature|3|9|0.1398
129|SimpleSGDCurvature|3|10|0.1262
130|SimpleSGDCurvature|4|1|0.5302
131|SimpleSGDCurvature|4|2|0.3194
132|SimpleSGDCurvature|4|3|0.2699
133|SimpleSGDCurvature|4|4|0.238
134|SimpleSGDCurvature|4|5|0.2113
135|SimpleSGDCurvature|4|6|0.192
136|SimpleSGDCurvature|4|7|0.1731
137|SimpleSGDCurvature|4|8|0.1563
138|SimpleSGDCurvature|4|9|0.1402
139|SimpleSGDCurvature|4|10|0.1243
140|SimpleSGDCurvature|5|1|0.5318
141|SimpleSGDCurvature|5|2|0.3229
142|SimpleSGDCurvature|5|3|0.273
143|SimpleSGDCurvature|5|4|0.2406
144|SimpleSGDCurvature|5|5|0.2153
145|SimpleSGDCurvature|5|6|0.1935
146|SimpleSGDCurvature|5|7|0.1758
147|SimpleSGDCurvature|5|8|0.1585
148|SimpleSGDCurvature|5|9|0.1418
149|SimpleSGDCurvature|5|10|0.1264
150|SimpleSGDCurvature|6|1|0.5381
151|SimpleSGDCurvature|6|2|0.3208
152|SimpleSGDCurvature|6|3|0.2705
153|SimpleSGDCurvature|6|4|0.2403
154|SimpleSGDCurvature|6|5|0.2162
155|SimpleSGDCurvature|6|6|0.1949
156|SimpleSGDCurvature|6|7|0.178
157|SimpleSGDCurvature|6|8|0.1574
158|SimpleSGDCurvature|6|9|0.1432
159|SimpleSGDCurvature|6|10|0.1272
160|SimpleSGDCurvature|7|1|0.5306
161|SimpleSGDCurvature|7|2|0.321
162|SimpleSGDCurvature|7|3|0.27
163|SimpleSGDCurvature|7|4|0.2367
164|SimpleSGDCurvature|7|5|0.2108
165|SimpleSGDCurvature|7|6|0.19
166|SimpleSGDCurvature|7|7|0.1705
167|SimpleSGDCurvature|7|8|0.1519
168|SimpleSGDCurvature|7|9|0.1367
169|SimpleSGDCurvature|7|10|0.1204
170|SimpleSGDCurvature|8|1|0.5402
171|SimpleSGDCurvature|8|2|0.3193
172|SimpleSGDCurvature|8|3|0.2697
173|SimpleSGDCurvature|8|4|0.2382
174|SimpleSGDCurvature|8|5|0.2144
175|SimpleSGDCurvature|8|6|0.1934
176|SimpleSGDCurvature|8|7|0.1752
177|SimpleSGDCurvature|8|8|0.157
178|SimpleSGDCurvature|8|9|0.1424
179|SimpleSGDCurvature|8|10|0.1272
180|SimpleSGDCurvature|9|1|0.5379
181|SimpleSGDCurvature|9|2|0.322
182|SimpleSGDCurvature|9|3|0.2698
183|SimpleSGDCurvature|9|4|0.2375
184|SimpleSGDCurvature|9|5|0.2136
185|SimpleSGDCurvature|9|6|0.1909
186|SimpleSGDCurvature|9|7|0.1725
187|SimpleSGDCurvature|9|8|0.1563
188|SimpleSGDCurvature|9|9|0.1391
189|SimpleSGDCurvature|9|10|0.1234
190|SimpleSGDCurvature|10|1|0.5286
191|SimpleSGDCurvature|10|2|0.3207
192|SimpleSGDCurvature|10|3|0.2709
193|SimpleSGDCurvature|10|4|0.238
194|SimpleSGDCurvature|10|5|0.2135
195|SimpleSGDCurvature|10|6|0.192
196|SimpleSGDCurvature|10|7|0.1714
197|SimpleSGDCurvature|10|8|0.1555
198|SimpleSGDCurvature|10|9|0.1394
199|SimpleSGDCurvature|10|10|0.1228
200|Adam|1|1|0.4115
201|Adam|1|2|0.2548
202|Adam|1|3|0.2067
203|Adam|1|4|0.173
204|Adam|1|5|0.1424
205|Adam|1|6|0.1181
206|Adam|1|7|0.0941
207|Adam|1|8|0.0748
208|Adam|1|9|0.0583
209|Adam|1|10|0.0443
210|Adam|2|1|0.421
211|Adam|2|2|0.2629
212|Adam|2|3|0.2124
213|Adam|2|4|0.1763
214|Adam|2|5|0.1449
215|Adam|2|6|0.1178
216|Adam|2|7|0.0935
217|Adam|2|8|0.0735
218|Adam|2|9|0.0568
219|Adam|2|10|0.0444
220|Adam|3|1|0.4068
221|Adam|3|2|0.2567
222|Adam|3|3|0.2083
223|Adam|3|4|0.1741
224|Adam|3|5|0.1439
225|Adam|3|6|0.1146
226|Adam|3|7|0.0932
227|Adam|3|8|0.0693
228|Adam|3|9|0.0562
229|Adam|3|10|0.0443
230|Adam|4|1|0.4036
231|Adam|4|2|0.2556
232|Adam|4|3|0.2044
233|Adam|4|4|0.1739
234|Adam|4|5|0.1415
235|Adam|4|6|0.1148
236|Adam|4|7|0.0926
237|Adam|4|8|0.0698
238|Adam|4|9|0.0533
239|Adam|4|10|0.0421
240|Adam|5|1|0.399
241|Adam|5|2|0.2477
242|Adam|5|3|0.203
243|Adam|5|4|0.1691
244|Adam|5|5|0.1404
245|Adam|5|6|0.1144
246|Adam|5|7|0.0914
247|Adam|5|8|0.0699
248|Adam|5|9|0.0559
249|Adam|5|10|0.0425
250|Adam|6|1|0.4125
251|Adam|6|2|0.2622
252|Adam|6|3|0.2146
253|Adam|6|4|0.1786
254|Adam|6|5|0.1492
255|Adam|6|6|0.1212
256|Adam|6|7|0.0955
257|Adam|6|8|0.0745
258|Adam|6|9|0.0593
259|Adam|6|10|0.047
260|Adam|7|1|0.4049
261|Adam|7|2|0.251
262|Adam|7|3|0.2016
263|Adam|7|4|0.1666
264|Adam|7|5|0.1364
265|Adam|7|6|0.1114
266|Adam|7|7|0.0865
267|Adam|7|8|0.0681
268|Adam|7|9|0.0541
269|Adam|7|10|0.0446
270|Adam|8|1|0.4102
271|Adam|8|2|0.2632
272|Adam|8|3|0.2136
273|Adam|8|4|0.1813
274|Adam|8|5|0.151
275|Adam|8|6|0.1225
276|Adam|8|7|0.0981
277|Adam|8|8|0.0772
278|Adam|8|9|0.0597
279|Adam|8|10|0.0496
280|Adam|9|1|0.3978
281|Adam|9|2|0.2497
282|Adam|9|3|0.2034
283|Adam|9|4|0.1695
284|Adam|9|5|0.1374
285|Adam|9|6|0.1089
286|Adam|9|7|0.086
287|Adam|9|8|0.0635
288|Adam|9|9|0.049
289|Adam|9|10|0.0392
290|Adam|10|1|0.4008
291|Adam|10|2|0.2584
292|Adam|10|3|0.2108
293|Adam|10|4|0.1753
294|Adam|10|5|0.1427
295|Adam|10|6|0.1171
296|Adam|10|7|0.0926
297|Adam|10|8|0.0747
298|Adam|10|9|0.0562
299|Adam|10|10|0.0448
300|HeavyBall|1|1|0.9108
301|HeavyBall|1|2|0.5262
302|HeavyBall|1|3|0.4499
303|HeavyBall|1|4|0.4026
304|HeavyBall|1|5|0.3722
305|HeavyBall|1|6|0.3532
306|HeavyBall|1|7|0.3333
307|HeavyBall|1|8|0.3191
308|HeavyBall|1|9|0.3056
309|HeavyBall|1|10|0.2967
310|HeavyBall|2|1|0.9551
311|HeavyBall|2|2|0.5103
312|HeavyBall|2|3|0.442
313|HeavyBall|2|4|0.3978
314|HeavyBall|2|5|0.371
315|HeavyBall|2|6|0.354
316|HeavyBall|2|7|0.3362
317|HeavyBall|2|8|0.3223
318|HeavyBall|2|9|0.3094
319|HeavyBall|2|10|0.2986
320|HeavyBall|3|1|0.9691
321|HeavyBall|3|2|0.5042
322|HeavyBall|3|3|0.4299
323|HeavyBall|3|4|0.3908
324|HeavyBall|3|5|0.3635
325|HeavyBall|3|6|0.347
326|HeavyBall|3|7|0.331
327|HeavyBall|3|8|0.3164
328|HeavyBall|3|9|0.3032
329|HeavyBall|3|10|0.2929
330|HeavyBall|4|1|0.9273
331|HeavyBall|4|2|0.4892
332|HeavyBall|4|3|0.4218
333|HeavyBall|4|4|0.3889
334|HeavyBall|4|5|0.3613
335|HeavyBall|4|6|0.3438
336|HeavyBall|4|7|0.3276
337|HeavyBall|4|8|0.3142
338|HeavyBall|4|9|0.3023
339|HeavyBall|4|10|0.2926
340|HeavyBall|5|1|0.9153
341|HeavyBall|5|2|0.5074
342|HeavyBall|5|3|0.4341
343|HeavyBall|5|4|0.3892
344|HeavyBall|5|5|0.3636
345|HeavyBall|5|6|0.3428
346|HeavyBall|5|7|0.3272
347|HeavyBall|5|8|0.3138
348|HeavyBall|5|9|0.3002
349|HeavyBall|5|10|0.2906
350|HeavyBall|6|1|0.888
351|HeavyBall|6|2|0.5
352|HeavyBall|6|3|0.4298
353|HeavyBall|6|4|0.3871
354|HeavyBall|6|5|0.3627
355|HeavyBall|6|6|0.3409
356|HeavyBall|6|7|0.3246
357|HeavyBall|6|8|0.3127
358|HeavyBall|6|9|0.3031
359|HeavyBall|6|10|0.2916
360|HeavyBall|7|1|0.9394
361|HeavyBall|7|2|0.4842
362|HeavyBall|7|3|0.4206
363|HeavyBall|7|4|0.3852
364|HeavyBall|7|5|0.3635
365|HeavyBall|7|6|0.3438
366|HeavyBall|7|7|0.3281
367|HeavyBall|7|8|0.3133
368|HeavyBall|7|9|0.3033
369|HeavyBall|7|10|0.2923
370|HeavyBall|8|1|0.8838
371|HeavyBall|8|2|0.5119
372|HeavyBall|8|3|0.4406
373|HeavyBall|8|4|0.3981
374|HeavyBall|8|5|0.3682
375|HeavyBall|8|6|0.3469
376|HeavyBall|8|7|0.3288
377|HeavyBall|8|8|0.3137
378|HeavyBall|8|9|0.3019
379|HeavyBall|8|10|0.2952
380|HeavyBall|9|1|0.969
381|HeavyBall|9|2|0.4957
382|HeavyBall|9|3|0.4269
383|HeavyBall|9|4|0.3909
384|HeavyBall|9|5|0.3676
385|HeavyBall|9|6|0.3507
386|HeavyBall|9|7|0.3297
387|HeavyBall|9|8|0.318
388|HeavyBall|9|9|0.3054
389|HeavyBall|9|10|0.2964
390|HeavyBall|10|1|0.9396
391|HeavyBall|10|2|0.4887
392|HeavyBall|10|3|0.4241
393|HeavyBall|10|4|0.3866
394|HeavyBall|10|5|0.3635
395|HeavyBall|10|6|0.343
396|HeavyBall|10|7|0.325
397|HeavyBall|10|8|0.3138
398|HeavyBall|10|9|0.301
399|HeavyBall|10|10|0.29
400|HeavyBallCurvature|1|1|0.4649
401|HeavyBallCurvature|1|2|0.2809
402|HeavyBallCurvature|1|3|0.2309
403|HeavyBallCurvature|1|4|0.1993
404|HeavyBallCurvature|1|5|0.1714
405|HeavyBallCurvature|1|6|0.1492
406|HeavyBallCurvature|1|7|0.1266
407|HeavyBallCurvature|1|8|0.1087
408|HeavyBallCurvature|1|9|0.0882
409|HeavyBallCurvature|1|10|0.0751
410|HeavyBallCurvature|2|1|0.4581
411|HeavyBallCurvature|2|2|0.2764
412|HeavyBallCurvature|2|3|0.2275
413|HeavyBallCurvature|2|4|0.1938
414|HeavyBallCurvature|2|5|0.166
415|HeavyBallCurvature|2|6|0.1425
416|HeavyBallCurvature|2|7|0.121
417|HeavyBallCurvature|2|8|0.1011
418|HeavyBallCurvature|2|9|0.0834
419|HeavyBallCurvature|2|10|0.0676
420|HeavyBallCurvature|3|1|0.457
421|HeavyBallCurvature|3|2|0.2734
422|HeavyBallCurvature|3|3|0.2246
423|HeavyBallCurvature|3|4|0.193
424|HeavyBallCurvature|3|5|0.1657
425|HeavyBallCurvature|3|6|0.1437
426|HeavyBallCurvature|3|7|0.1229
427|HeavyBallCurvature|3|8|0.1032
428|HeavyBallCurvature|3|9|0.0839
429|HeavyBallCurvature|3|10|0.0686
430|HeavyBallCurvature|4|1|0.4526
431|HeavyBallCurvature|4|2|0.2734
432|HeavyBallCurvature|4|3|0.2263
433|HeavyBallCurvature|4|4|0.1943
434|HeavyBallCurvature|4|5|0.1668
435|HeavyBallCurvature|4|6|0.1445
436|HeavyBallCurvature|4|7|0.1234
437|HeavyBallCurvature|4|8|0.103
438|HeavyBallCurvature|4|9|0.087
439|HeavyBallCurvature|4|10|0.0707
440|HeavyBallCurvature|5|1|0.4541
441|HeavyBallCurvature|5|2|0.2768
442|HeavyBallCurvature|5|3|0.2298
443|HeavyBallCurvature|5|4|0.1984
444|HeavyBallCurvature|5|5|0.1706
445|HeavyBallCurvature|5|6|0.1476
446|HeavyBallCurvature|5|7|0.1256
447|HeavyBallCurvature|5|8|0.1066
448|HeavyBallCurvature|5|9|0.0877
449|HeavyBallCurvature|5|10|0.0711
450|HeavyBallCurvature|6|1|0.4546
451|HeavyBallCurvature|6|2|0.2778
452|HeavyBallCurvature|6|3|0.229
453|HeavyBallCurvature|6|4|0.1967
454|HeavyBallCurvature|6|5|0.1705
455|HeavyBallCurvature|6|6|0.1468
456|HeavyBallCurvature|6|7|0.1253
457|HeavyBallCurvature|6|8|0.105
458|HeavyBallCurvature|6|9|0.0878
459|HeavyBallCurvature|6|10|0.0706
460|HeavyBallCurvature|7|1|0.4546
461|HeavyBallCurvature|7|2|0.2712
462|HeavyBallCurvature|7|3|0.2232
463|HeavyBallCurvature|7|4|0.1918
464|HeavyBallCurvature|7|5|0.1647
465|HeavyBallCurvature|7|6|0.142
466|HeavyBallCurvature|7|7|0.1206
467|HeavyBallCurvature|7|8|0.0996
468|HeavyBallCurvature|7|9|0.0819
469|HeavyBallCurvature|7|10|0.0679
470|HeavyBallCurvature|8|1|0.4589
471|HeavyBallCurvature|8|2|0.2765
472|HeavyBallCurvature|8|3|0.2293
473|HeavyBallCurvature|8|4|0.197
474|HeavyBallCurvature|8|5|0.1691
475|HeavyBallCurvature|8|6|0.1476
476|HeavyBallCurvature|8|7|0.1265
477|HeavyBallCurvature|8|8|0.106
478|HeavyBallCurvature|8|9|0.0895
479|HeavyBallCurvature|8|10|0.0744
480|HeavyBallCurvature|9|1|0.4604
481|HeavyBallCurvature|9|2|0.2761
482|HeavyBallCurvature|9|3|0.2261
483|HeavyBallCurvature|9|4|0.193
484|HeavyBallCurvature|9|5|0.1654
485|HeavyBallCurvature|9|6|0.143
486|HeavyBallCurvature|9|7|0.1212
487|HeavyBallCurvature|9|8|0.101
488|HeavyBallCurvature|9|9|0.083
489|HeavyBallCurvature|9|10|0.0672
490|HeavyBallCurvature|10|1|0.4498
491|HeavyBallCurvature|10|2|0.2755
492|HeavyBallCurvature|10|3|0.2264
493|HeavyBallCurvature|10|4|0.1935
494|HeavyBallCurvature|10|5|0.1674
495|HeavyBallCurvature|10|6|0.1434
496|HeavyBallCurvature|10|7|0.1209
497|HeavyBallCurvature|10|8|0.1031
498|HeavyBallCurvature|10|9|0.0854
499|HeavyBallCurvature|10|10|0.0695
500|NAG|1|1|0.9108
501|NAG|1|2|0.526
502|NAG|1|3|0.4497
503|NAG|1|4|0.4024
504|NAG|1|5|0.3722
505|NAG|1|6|0.3531
506|NAG|1|7|0.3331
507|NAG|1|8|0.319
508|NAG|1|9|0.3054
509|NAG|1|10|0.2964
510|NAG|2|1|0.9551
511|NAG|2|2|0.5105
512|NAG|2|3|0.4423
513|NAG|2|4|0.398
514|NAG|2|5|0.3712
515|NAG|2|6|0.3539
516|NAG|2|7|0.3363
517|NAG|2|8|0.3222
518|NAG|2|9|0.3095
519|NAG|2|10|0.2985
520|NAG|3|1|0.9692
521|NAG|3|2|0.5042
522|NAG|3|3|0.43
523|NAG|3|4|0.3909
524|NAG|3|5|0.3638
525|NAG|3|6|0.3471
526|NAG|3|7|0.3311
527|NAG|3|8|0.3164
528|NAG|3|9|0.3032
529|NAG|3|10|0.2928
530|NAG|4|1|0.9272
531|NAG|4|2|0.4893
532|NAG|4|3|0.4217
533|NAG|4|4|0.389
534|NAG|4|5|0.3615
535|NAG|4|6|0.3438
536|NAG|4|7|0.3277
537|NAG|4|8|0.3143
538|NAG|4|9|0.3023
539|NAG|4|10|0.2926
540|NAG|5|1|0.9154
541|NAG|5|2|0.5074
542|NAG|5|3|0.4343
543|NAG|5|4|0.3894
544|NAG|5|5|0.3638
545|NAG|5|6|0.3431
546|NAG|5|7|0.3275
547|NAG|5|8|0.3139
548|NAG|5|9|0.3003
549|NAG|5|10|0.2908
550|NAG|6|1|0.8879
551|NAG|6|2|0.4999
552|NAG|6|3|0.4297
553|NAG|6|4|0.3869
554|NAG|6|5|0.3623
555|NAG|6|6|0.3405
556|NAG|6|7|0.3243
557|NAG|6|8|0.3125
558|NAG|6|9|0.3029
559|NAG|6|10|0.2913
560|NAG|7|1|0.9394
561|NAG|7|2|0.4842
562|NAG|7|3|0.4205
563|NAG|7|4|0.385
564|NAG|7|5|0.3632
565|NAG|7|6|0.3434
566|NAG|7|7|0.3277
567|NAG|7|8|0.313
568|NAG|7|9|0.303
569|NAG|7|10|0.2919
570|NAG|8|1|0.8837
571|NAG|8|2|0.512
572|NAG|8|3|0.4408
573|NAG|8|4|0.3983
574|NAG|8|5|0.3684
575|NAG|8|6|0.3472
576|NAG|8|7|0.329
577|NAG|8|8|0.3139
578|NAG|8|9|0.302
579|NAG|8|10|0.2955
580|NAG|9|1|0.969
581|NAG|9|2|0.4957
582|NAG|9|3|0.4267
583|NAG|9|4|0.3907
584|NAG|9|5|0.3676
585|NAG|9|6|0.3506
586|NAG|9|7|0.3297
587|NAG|9|8|0.318
588|NAG|9|9|0.3055
589|NAG|9|10|0.2965
590|NAG|10|1|0.9395
591|NAG|10|2|0.4887
592|NAG|10|3|0.4239
593|NAG|10|4|0.3864
594|NAG|10|5|0.3634
595|NAG|10|6|0.3429
596|NAG|10|7|0.3252
597|NAG|10|8|0.3137
598|NAG|10|9|0.3008
599|NAG|10|10|0.29
600|NAGCurvature|1|1|0.4654
601|NAGCurvature|1|2|0.2817
602|NAGCurvature|1|3|0.2315
603|NAGCurvature|1|4|0.2002
604|NAGCurvature|1|5|0.1718
605|NAGCurvature|1|6|0.149
606|NAGCurvature|1|7|0.1276
607|NAGCurvature|1|8|0.1076
608|NAGCurvature|1|9|0.0893
609|NAGCurvature|1|10|0.0752
610|NAGCurvature|2|1|0.4583
611|NAGCurvature|2|2|0.2767
612|NAGCurvature|2|3|0.2271
613|NAGCurvature|2|4|0.1936
614|NAGCurvature|2|5|0.1663
615|NAGCurvature|2|6|0.1432
616|NAGCurvature|2|7|0.1201
617|NAGCurvature|2|8|0.1006
618|NAGCurvature|2|9|0.0836
619|NAGCurvature|2|10|0.0674
620|NAGCurvature|3|1|0.4569
621|NAGCurvature|3|2|0.2738
622|NAGCurvature|3|3|0.2251
623|NAGCurvature|3|4|0.1935
624|NAGCurvature|3|5|0.166
625|NAGCurvature|3|6|0.1449
626|NAGCurvature|3|7|0.1236
627|NAGCurvature|3|8|0.104
628|NAGCurvature|3|9|0.0858
629|NAGCurvature|3|10|0.0686
630|NAGCurvature|4|1|0.4521
631|NAGCurvature|4|2|0.2728
632|NAGCurvature|4|3|0.2255
633|NAGCurvature|4|4|0.1937
634|NAGCurvature|4|5|0.1668
635|NAGCurvature|4|6|0.1437
636|NAGCurvature|4|7|0.1233
637|NAGCurvature|4|8|0.1024
638|NAGCurvature|4|9|0.0852
639|NAGCurvature|4|10|0.0709
640|NAGCurvature|5|1|0.4539
641|NAGCurvature|5|2|0.2766
642|NAGCurvature|5|3|0.2296
643|NAGCurvature|5|4|0.1975
644|NAGCurvature|5|5|0.1695
645|NAGCurvature|5|6|0.1473
646|NAGCurvature|5|7|0.1251
647|NAGCurvature|5|8|0.105
648|NAGCurvature|5|9|0.0868
649|NAGCurvature|5|10|0.0712
650|NAGCurvature|6|1|0.455
651|NAGCurvature|6|2|0.2778
652|NAGCurvature|6|3|0.2285
653|NAGCurvature|6|4|0.1969
654|NAGCurvature|6|5|0.1704
655|NAGCurvature|6|6|0.1465
656|NAGCurvature|6|7|0.1259
657|NAGCurvature|6|8|0.1051
658|NAGCurvature|6|9|0.0861
659|NAGCurvature|6|10|0.0693
660|NAGCurvature|7|1|0.4551
661|NAGCurvature|7|2|0.271
662|NAGCurvature|7|3|0.2232
663|NAGCurvature|7|4|0.1919
664|NAGCurvature|7|5|0.1652
665|NAGCurvature|7|6|0.1425
666|NAGCurvature|7|7|0.1206
667|NAGCurvature|7|8|0.0994
668|NAGCurvature|7|9|0.0832
669|NAGCurvature|7|10|0.068
670|NAGCurvature|8|1|0.4593
671|NAGCurvature|8|2|0.2764
672|NAGCurvature|8|3|0.2294
673|NAGCurvature|8|4|0.1979
674|NAGCurvature|8|5|0.1702
675|NAGCurvature|8|6|0.1476
676|NAGCurvature|8|7|0.128
677|NAGCurvature|8|8|0.1059
678|NAGCurvature|8|9|0.0881
679|NAGCurvature|8|10|0.0742
680|NAGCurvature|9|1|0.4598
681|NAGCurvature|9|2|0.2752
682|NAGCurvature|9|3|0.2257
683|NAGCurvature|9|4|0.1927
684|NAGCurvature|9|5|0.1654
685|NAGCurvature|9|6|0.1433
686|NAGCurvature|9|7|0.1208
687|NAGCurvature|9|8|0.1015
688|NAGCurvature|9|9|0.0822
689|NAGCurvature|9|10|0.0669
690|NAGCurvature|10|1|0.4499
691|NAGCurvature|10|2|0.2767
692|NAGCurvature|10|3|0.2278
693|NAGCurvature|10|4|0.1942
694|NAGCurvature|10|5|0.1682
695|NAGCurvature|10|6|0.1439
696|NAGCurvature|10|7|0.1228
697|NAGCurvature|10|8|0.1044
698|NAGCurvature|10|9|0.0876
699|NAGCurvature|10|10|0.069
700|Adagrad|1|1|0.4566
701|Adagrad|1|2|0.2958
702|Adagrad|1|3|0.2609
703|Adagrad|1|4|0.2399
704|Adagrad|1|5|0.2241
705|Adagrad|1|6|0.2121
706|Adagrad|1|7|0.2011
707|Adagrad|1|8|0.1919
708|Adagrad|1|9|0.1838
709|Adagrad|1|10|0.1764
710|Adagrad|2|1|0.4732
711|Adagrad|2|2|0.3045
712|Adagrad|2|3|0.2697
713|Adagrad|2|4|0.2473
714|Adagrad|2|5|0.2309
715|Adagrad|2|6|0.2176
716|Adagrad|2|7|0.2072
717|Adagrad|2|8|0.1979
718|Adagrad|2|9|0.19
719|Adagrad|2|10|0.1826
720|Adagrad|3|1|0.4456
721|Adagrad|3|2|0.2874
722|Adagrad|3|3|0.2521
723|Adagrad|3|4|0.23
724|Adagrad|3|5|0.2136
725|Adagrad|3|6|0.2014
726|Adagrad|3|7|0.19
727|Adagrad|3|8|0.1808
728|Adagrad|3|9|0.1719
729|Adagrad|3|10|0.1649
730|Adagrad|4|1|0.4205
731|Adagrad|4|2|0.2715
732|Adagrad|4|3|0.2349
733|Adagrad|4|4|0.2136
734|Adagrad|4|5|0.1965
735|Adagrad|4|6|0.1842
736|Adagrad|4|7|0.1734
737|Adagrad|4|8|0.1636
738|Adagrad|4|9|0.1553
739|Adagrad|4|10|0.1468
740|Adagrad|5|1|0.436
741|Adagrad|5|2|0.2802
742|Adagrad|5|3|0.2445
743|Adagrad|5|4|0.2238
744|Adagrad|5|5|0.2077
745|Adagrad|5|6|0.1952
746|Adagrad|5|7|0.1845
747|Adagrad|5|8|0.1752
748|Adagrad|5|9|0.1663
749|Adagrad|5|10|0.1584
750|Adagrad|6|1|0.4546
751|Adagrad|6|2|0.2903
752|Adagrad|6|3|0.2553
753|Adagrad|6|4|0.2343
754|Adagrad|6|5|0.2192
755|Adagrad|6|6|0.2064
756|Adagrad|6|7|0.1967
757|Adagrad|6|8|0.1867
758|Adagrad|6|9|0.1798
759|Adagrad|6|10|0.172
760|Adagrad|7|1|0.4535
761|Adagrad|7|2|0.2952
762|Adagrad|7|3|0.2607
763|Adagrad|7|4|0.2391
764|Adagrad|7|5|0.2226
765|Adagrad|7|6|0.2098
766|Adagrad|7|7|0.1989
767|Adagrad|7|8|0.1896
768|Adagrad|7|9|0.1813
769|Adagrad|7|10|0.174
770|Adagrad|8|1|0.4254
771|Adagrad|8|2|0.2834
772|Adagrad|8|3|0.2504
773|Adagrad|8|4|0.2284
774|Adagrad|8|5|0.212
775|Adagrad|8|6|0.1991
776|Adagrad|8|7|0.1884
777|Adagrad|8|8|0.1779
778|Adagrad|8|9|0.1699
779|Adagrad|8|10|0.1622
780|Adagrad|9|1|0.4342
781|Adagrad|9|2|0.2814
782|Adagrad|9|3|0.246
783|Adagrad|9|4|0.2251
784|Adagrad|9|5|0.2098
785|Adagrad|9|6|0.1967
786|Adagrad|9|7|0.1864
787|Adagrad|9|8|0.1776
788|Adagrad|9|9|0.1691
789|Adagrad|9|10|0.1607
790|Adagrad|10|1|0.4444
791|Adagrad|10|2|0.2937
792|Adagrad|10|3|0.2593
793|Adagrad|10|4|0.239
794|Adagrad|10|5|0.2254
795|Adagrad|10|6|0.2138
796|Adagrad|10|7|0.2037
797|Adagrad|10|8|0.1967
798|Adagrad|10|9|0.1888
799|Adagrad|10|10|0.1821
800|Adadelta|1|1|0.4352
801|Adadelta|1|2|0.2535
802|Adadelta|1|3|0.205
803|Adadelta|1|4|0.1703
804|Adadelta|1|5|0.1402
805|Adadelta|1|6|0.1158
806|Adadelta|1|7|0.0916
807|Adadelta|1|8|0.0727
808|Adadelta|1|9|0.057
809|Adadelta|1|10|0.044
810|Adadelta|2|1|0.4375
811|Adadelta|2|2|0.2538
812|Adadelta|2|3|0.2032
813|Adadelta|2|4|0.1671
814|Adadelta|2|5|0.1369
815|Adadelta|2|6|0.1091
816|Adadelta|2|7|0.0859
817|Adadelta|2|8|0.0666
818|Adadelta|2|9|0.0513
819|Adadelta|2|10|0.0399
820|Adadelta|3|1|0.4262
821|Adadelta|3|2|0.2498
822|Adadelta|3|3|0.1996
823|Adadelta|3|4|0.1663
824|Adadelta|3|5|0.1377
825|Adadelta|3|6|0.1118
826|Adadelta|3|7|0.0891
827|Adadelta|3|8|0.0702
828|Adadelta|3|9|0.0507
829|Adadelta|3|10|0.0403
830|Adadelta|4|1|0.4217
831|Adadelta|4|2|0.2483
832|Adadelta|4|3|0.2014
833|Adadelta|4|4|0.1666
834|Adadelta|4|5|0.1367
835|Adadelta|4|6|0.1097
836|Adadelta|4|7|0.0872
837|Adadelta|4|8|0.0666
838|Adadelta|4|9|0.0507
839|Adadelta|4|10|0.0378
840|Adadelta|5|1|0.4237
841|Adadelta|5|2|0.2501
842|Adadelta|5|3|0.2019
843|Adadelta|5|4|0.1661
844|Adadelta|5|5|0.135
845|Adadelta|5|6|0.1092
846|Adadelta|5|7|0.0865
847|Adadelta|5|8|0.0686
848|Adadelta|5|9|0.052
849|Adadelta|5|10|0.0393
850|Adadelta|6|1|0.4478
851|Adadelta|6|2|0.2578
852|Adadelta|6|3|0.2066
853|Adadelta|6|4|0.1724
854|Adadelta|6|5|0.1452
855|Adadelta|6|6|0.1181
856|Adadelta|6|7|0.0954
857|Adadelta|6|8|0.074
858|Adadelta|6|9|0.0583
859|Adadelta|6|10|0.0446
860|Adadelta|7|1|0.4222
861|Adadelta|7|2|0.2473
862|Adadelta|7|3|0.1996
863|Adadelta|7|4|0.167
864|Adadelta|7|5|0.1369
865|Adadelta|7|6|0.1104
866|Adadelta|7|7|0.0891
867|Adadelta|7|8|0.0685
868|Adadelta|7|9|0.0524
869|Adadelta|7|10|0.0405
870|Adadelta|8|1|0.4347
871|Adadelta|8|2|0.254
872|Adadelta|8|3|0.2068
873|Adadelta|8|4|0.1708
874|Adadelta|8|5|0.1418
875|Adadelta|8|6|0.116
876|Adadelta|8|7|0.0943
877|Adadelta|8|8|0.0737
878|Adadelta|8|9|0.0584
879|Adadelta|8|10|0.0458
880|Adadelta|9|1|0.4316
881|Adadelta|9|2|0.2487
882|Adadelta|9|3|0.1987
883|Adadelta|9|4|0.1623
884|Adadelta|9|5|0.1324
885|Adadelta|9|6|0.1063
886|Adadelta|9|7|0.0849
887|Adadelta|9|8|0.0639
888|Adadelta|9|9|0.0514
889|Adadelta|9|10|0.0382
890|Adadelta|10|1|0.4254
891|Adadelta|10|2|0.2517
892|Adadelta|10|3|0.2039
893|Adadelta|10|4|0.1679
894|Adadelta|10|5|0.1386
895|Adadelta|10|6|0.1119
896|Adadelta|10|7|0.0904
897|Adadelta|10|8|0.0709
898|Adadelta|10|9|0.0546
899|Adadelta|10|10|0.0411
900|RMSProp|1|1|0.8042
901|RMSProp|1|2|0.398
902|RMSProp|1|3|0.3905
903|RMSProp|1|4|0.3828
904|RMSProp|1|5|0.4178
905|RMSProp|1|6|0.3846
906|RMSProp|1|7|0.3882
907|RMSProp|1|8|0.3917
908|RMSProp|1|9|0.3972
909|RMSProp|1|10|0.432
910|RMSProp|2|1|0.8933
911|RMSProp|2|2|0.404
912|RMSProp|2|3|0.3999
913|RMSProp|2|4|0.4084
914|RMSProp|2|5|0.4064
915|RMSProp|2|6|0.414
916|RMSProp|2|7|0.3948
917|RMSProp|2|8|0.3953
918|RMSProp|2|9|0.3935
919|RMSProp|2|10|0.4198
920|RMSProp|3|1|0.8047
921|RMSProp|3|2|0.4139
922|RMSProp|3|3|0.4005
923|RMSProp|3|4|0.5643
924|RMSProp|3|5|0.4126
925|RMSProp|3|6|0.3998
926|RMSProp|3|7|0.399
927|RMSProp|3|8|0.4088
928|RMSProp|3|9|0.4052
929|RMSProp|3|10|0.4163
930|RMSProp|4|1|0.6952
931|RMSProp|4|2|0.4013
932|RMSProp|4|3|0.3979
933|RMSProp|4|4|0.4014
934|RMSProp|4|5|0.4028
935|RMSProp|4|6|0.3984
936|RMSProp|4|7|0.3974
937|RMSProp|4|8|0.439
938|RMSProp|4|9|0.4342
939|RMSProp|4|10|0.4202
940|RMSProp|5|1|0.7054
941|RMSProp|5|2|0.3911
942|RMSProp|5|3|0.3723
943|RMSProp|5|4|0.3847
944|RMSProp|5|5|0.3744
945|RMSProp|5|6|0.379
946|RMSProp|5|7|0.371
947|RMSProp|5|8|0.3758
948|RMSProp|5|9|0.3767
949|RMSProp|5|10|0.371
950|RMSProp|6|1|0.8717
951|RMSProp|6|2|0.413
952|RMSProp|6|3|0.389
953|RMSProp|6|4|0.3859
954|RMSProp|6|5|0.3827
955|RMSProp|6|6|0.3768
956|RMSProp|6|7|0.3854
957|RMSProp|6|8|0.3815
958|RMSProp|6|9|0.4189
959|RMSProp|6|10|0.41
960|RMSProp|7|1|0.8441
961|RMSProp|7|2|0.4011
962|RMSProp|7|3|0.3891
963|RMSProp|7|4|0.397
964|RMSProp|7|5|0.4193
965|RMSProp|7|6|0.4428
966|RMSProp|7|7|0.4045
967|RMSProp|7|8|0.3917
968|RMSProp|7|9|0.3869
969|RMSProp|7|10|0.3873
970|RMSProp|8|1|0.7291
971|RMSProp|8|2|0.4183
972|RMSProp|8|3|0.4128
973|RMSProp|8|4|0.4409
974|RMSProp|8|5|0.4132
975|RMSProp|8|6|0.3895
976|RMSProp|8|7|0.4212
977|RMSProp|8|8|0.3826
978|RMSProp|8|9|0.3795
979|RMSProp|8|10|0.3775
980|RMSProp|9|1|0.7298
981|RMSProp|9|2|0.4138
982|RMSProp|9|3|0.4044
983|RMSProp|9|4|0.3983
984|RMSProp|9|5|0.4006
985|RMSProp|9|6|0.4025
986|RMSProp|9|7|0.4169
987|RMSProp|9|8|0.5158
988|RMSProp|9|9|0.4061
989|RMSProp|9|10|0.4084
990|RMSProp|10|1|0.7589
991|RMSProp|10|2|0.4071
992|RMSProp|10|3|0.3849
993|RMSProp|10|4|0.3834
994|RMSProp|10|5|0.3939
995|RMSProp|10|6|0.3871
996|RMSProp|10|7|0.3863
997|RMSProp|10|8|0.3935
998|RMSProp|10|9|0.4128
999|RMSProp|10|10|0.4187
1000|RMSPropMomentum|1|1|0.7945
1001|RMSPropMomentum|1|2|0.4056
1002|RMSPropMomentum|1|3|0.3969
1003|RMSPropMomentum|1|4|0.3925
1004|RMSPropMomentum|1|5|0.3953
1005|RMSPropMomentum|1|6|0.4313
1006|RMSPropMomentum|1|7|0.39
1007|RMSPropMomentum|1|8|0.3831
1008|RMSPropMomentum|1|9|0.3848
1009|RMSPropMomentum|1|10|0.3807
1010|RMSPropMomentum|2|1|0.9025
1011|RMSPropMomentum|2|2|0.4074
1012|RMSPropMomentum|2|3|0.4008
1013|RMSPropMomentum|2|4|0.404
1014|RMSPropMomentum|2|5|0.3938
1015|RMSPropMomentum|2|6|0.3931
1016|RMSPropMomentum|2|7|0.3901
1017|RMSPropMomentum|2|8|0.3929
1018|RMSPropMomentum|2|9|0.415
1019|RMSPropMomentum|2|10|0.4306
1020|RMSPropMomentum|3|1|0.8139
1021|RMSPropMomentum|3|2|0.4385
1022|RMSPropMomentum|3|3|0.4145
1023|RMSPropMomentum|3|4|0.4119
1024|RMSPropMomentum|3|5|0.4132
1025|RMSPropMomentum|3|6|0.406
1026|RMSPropMomentum|3|7|0.4066
1027|RMSPropMomentum|3|8|0.4142
1028|RMSPropMomentum|3|9|0.4005
1029|RMSPropMomentum|3|10|0.4216
1030|RMSPropMomentum|4|1|0.6908
1031|RMSPropMomentum|4|2|0.3976
1032|RMSPropMomentum|4|3|0.39
1033|RMSPropMomentum|4|4|0.3962
1034|RMSPropMomentum|4|5|0.3925
1035|RMSPropMomentum|4|6|0.4002
1036|RMSPropMomentum|4|7|0.4006
1037|RMSPropMomentum|4|8|0.3893
1038|RMSPropMomentum|4|9|0.4236
1039|RMSPropMomentum|4|10|0.3897
1040|RMSPropMomentum|5|1|0.7373
1041|RMSPropMomentum|5|2|0.4059
1042|RMSPropMomentum|5|3|0.3817
1043|RMSPropMomentum|5|4|0.3782
1044|RMSPropMomentum|5|5|0.4992
1045|RMSPropMomentum|5|6|0.3836
1046|RMSPropMomentum|5|7|0.3846
1047|RMSPropMomentum|5|8|0.3846
1048|RMSPropMomentum|5|9|0.3896
1049|RMSPropMomentum|5|10|0.3854
1050|RMSPropMomentum|6|1|0.8953
1051|RMSPropMomentum|6|2|0.4226
1052|RMSPropMomentum|6|3|0.3957
1053|RMSPropMomentum|6|4|0.388
1054|RMSPropMomentum|6|5|0.3874
1055|RMSPropMomentum|6|6|0.3928
1056|RMSPropMomentum|6|7|0.3941
1057|RMSPropMomentum|6|8|0.3955
1058|RMSPropMomentum|6|9|0.3896
1059|RMSPropMomentum|6|10|0.396
1060|RMSPropMomentum|7|1|0.8401
1061|RMSPropMomentum|7|2|0.4031
1062|RMSPropMomentum|7|3|0.3901
1063|RMSPropMomentum|7|4|0.3922
1064|RMSPropMomentum|7|5|0.3937
1065|RMSPropMomentum|7|6|0.3831
1066|RMSPropMomentum|7|7|0.3848
1067|RMSPropMomentum|7|8|0.3852
1068|RMSPropMomentum|7|9|0.3856
1069|RMSPropMomentum|7|10|0.3853
1070|RMSPropMomentum|8|1|0.8724
1071|RMSPropMomentum|8|2|0.4296
1072|RMSPropMomentum|8|3|0.3992
1073|RMSPropMomentum|8|4|0.3957
1074|RMSPropMomentum|8|5|0.3967
1075|RMSPropMomentum|8|6|0.3956
1076|RMSPropMomentum|8|7|0.4011
1077|RMSPropMomentum|8|8|0.4067
1078|RMSPropMomentum|8|9|0.392
1079|RMSPropMomentum|8|10|0.4302
1080|RMSPropMomentum|9|1|0.749
1081|RMSPropMomentum|9|2|0.4128
1082|RMSPropMomentum|9|3|0.4044
1083|RMSPropMomentum|9|4|0.395
1084|RMSPropMomentum|9|5|0.3958
1085|RMSPropMomentum|9|6|0.3939
1086|RMSPropMomentum|9|7|0.3972
1087|RMSPropMomentum|9|8|0.394
1088|RMSPropMomentum|9|9|0.4012
1089|RMSPropMomentum|9|10|0.3995
1090|RMSPropMomentum|10|1|0.7971
1091|RMSPropMomentum|10|2|0.4186
1092|RMSPropMomentum|10|3|0.4
1093|RMSPropMomentum|10|4|0.3971
1094|RMSPropMomentum|10|5|0.4085
1095|RMSPropMomentum|10|6|0.3966
1096|RMSPropMomentum|10|7|0.4094
1097|RMSPropMomentum|10|8|0.4164
1098|RMSPropMomentum|10|9|0.4009
1099|RMSPropMomentum|10|10|0.3982
1100|AdamW|1|1|0.4115
1101|AdamW|1|2|0.2552
1102|AdamW|1|3|0.2077
1103|AdamW|1|4|0.1751
1104|AdamW|1|5|0.1432
1105|AdamW|1|6|0.1204
1106|AdamW|1|7|0.0964
1107|AdamW|1|8|0.0771
1108|AdamW|1|9|0.0601
1109|AdamW|1|10|0.0518
1110|AdamW|2|1|0.4216
1111|AdamW|2|2|0.2632
1112|AdamW|2|3|0.2131
1113|AdamW|2|4|0.1763
1114|AdamW|2|5|0.147
1115|AdamW|2|6|0.1199
1116|AdamW|2|7|0.0978
1117|AdamW|2|8|0.0769
1118|AdamW|2|9|0.0617
1119|AdamW|2|10|0.0475
1120|AdamW|3|1|0.4075
1121|AdamW|3|2|0.2571
1122|AdamW|3|3|0.209
1123|AdamW|3|4|0.1758
1124|AdamW|3|5|0.146
1125|AdamW|3|6|0.1177
1126|AdamW|3|7|0.0952
1127|AdamW|3|8|0.0737
1128|AdamW|3|9|0.0587
1129|AdamW|3|10|0.0476
1130|AdamW|4|1|0.4037
1131|AdamW|4|2|0.2546
1132|AdamW|4|3|0.2048
1133|AdamW|4|4|0.1738
1134|AdamW|4|5|0.1429
1135|AdamW|4|6|0.1169
1136|AdamW|4|7|0.0949
1137|AdamW|4|8|0.0745
1138|AdamW|4|9|0.0552
1139|AdamW|4|10|0.0453
1140|AdamW|5|1|0.3991
1141|AdamW|5|2|0.2475
1142|AdamW|5|3|0.2035
1143|AdamW|5|4|0.1693
1144|AdamW|5|5|0.141
1145|AdamW|5|6|0.1159
1146|AdamW|5|7|0.0929
1147|AdamW|5|8|0.073
1148|AdamW|5|9|0.0605
1149|AdamW|5|10|0.0454
1150|AdamW|6|1|0.4123
1151|AdamW|6|2|0.2631
1152|AdamW|6|3|0.2158
1153|AdamW|6|4|0.1802
1154|AdamW|6|5|0.1519
1155|AdamW|6|6|0.1237
1156|AdamW|6|7|0.1007
1157|AdamW|6|8|0.0788
1158|AdamW|6|9|0.0641
1159|AdamW|6|10|0.0507
1160|AdamW|7|1|0.4057
1161|AdamW|7|2|0.2526
1162|AdamW|7|3|0.2028
1163|AdamW|7|4|0.1687
1164|AdamW|7|5|0.138
1165|AdamW|7|6|0.1131
1166|AdamW|7|7|0.0893
1167|AdamW|7|8|0.0727
1168|AdamW|7|9|0.0558
1169|AdamW|7|10|0.0469
1170|AdamW|8|1|0.41
1171|AdamW|8|2|0.2634
1172|AdamW|8|3|0.2142
1173|AdamW|8|4|0.1818
1174|AdamW|8|5|0.1514
1175|AdamW|8|6|0.1236
1176|AdamW|8|7|0.0986
1177|AdamW|8|8|0.0773
1178|AdamW|8|9|0.0623
1179|AdamW|8|10|0.0497
1180|AdamW|9|1|0.3982
1181|AdamW|9|2|0.2504
1182|AdamW|9|3|0.2045
1183|AdamW|9|4|0.1704
1184|AdamW|9|5|0.1398
1185|AdamW|9|6|0.1103
1186|AdamW|9|7|0.0889
1187|AdamW|9|8|0.0693
1188|AdamW|9|9|0.0533
1189|AdamW|9|10|0.0432
1190|AdamW|10|1|0.4014
1191|AdamW|10|2|0.2593
1192|AdamW|10|3|0.2119
1193|AdamW|10|4|0.1764
1194|AdamW|10|5|0.1435
1195|AdamW|10|6|0.1207
1196|AdamW|10|7|0.0957
1197|AdamW|10|8|0.0759
1198|AdamW|10|9|0.0575
1199|AdamW|10|10|0.0481
1200|NAdam|1|1|0.3922
1201|NAdam|1|2|0.2419
1202|NAdam|1|3|0.1964
1203|NAdam|1|4|0.1662
1204|NAdam|1|5|0.1449
1205|NAdam|1|6|0.1306
1206|NAdam|1|7|0.1216
1207|NAdam|1|8|0.1178
1208|NAdam|1|9|0.1135
1209|NAdam|1|10|0.1202
1210|NAdam|2|1|0.3958
1211|NAdam|2|2|0.2453
1212|NAdam|2|3|0.1997
1213|NAdam|2|4|0.1717
1214|NAdam|2|5|0.1501
1215|NAdam|2|6|0.1309
1216|NAdam|2|7|0.1244
1217|NAdam|2|8|0.1161
1218|NAdam|2|9|0.1195
1219|NAdam|2|10|0.1235
1220|NAdam|3|1|0.3873
1221|NAdam|3|2|0.2426
1222|NAdam|3|3|0.1987
1223|NAdam|3|4|0.1692
1224|NAdam|3|5|0.1506
1225|NAdam|3|6|0.1338
1226|NAdam|3|7|0.1215
1227|NAdam|3|8|0.1233
1228|NAdam|3|9|0.1191
1229|NAdam|3|10|0.1283
1230|NAdam|4|1|0.3831
1231|NAdam|4|2|0.2393
1232|NAdam|4|3|0.1961
1233|NAdam|4|4|0.1665
1234|NAdam|4|5|0.1472
1235|NAdam|4|6|0.1343
1236|NAdam|4|7|0.1212
1237|NAdam|4|8|0.1166
1238|NAdam|4|9|0.1163
1239|NAdam|4|10|0.1288
1240|NAdam|5|1|0.3814
1241|NAdam|5|2|0.2397
1242|NAdam|5|3|0.1967
1243|NAdam|5|4|0.1683
1244|NAdam|5|5|0.1447
1245|NAdam|5|6|0.1342
1246|NAdam|5|7|0.1234
1247|NAdam|5|8|0.1225
1248|NAdam|5|9|0.1244
1249|NAdam|5|10|0.1139
1250|NAdam|6|1|0.3993
1251|NAdam|6|2|0.2497
1252|NAdam|6|3|0.2038
1253|NAdam|6|4|0.173
1254|NAdam|6|5|0.1525
1255|NAdam|6|6|0.1358
1256|NAdam|6|7|0.1279
1257|NAdam|6|8|0.1179
1258|NAdam|6|9|0.1205
1259|NAdam|6|10|0.1201
1260|NAdam|7|1|0.3854
1261|NAdam|7|2|0.2408
1262|NAdam|7|3|0.1998
1263|NAdam|7|4|0.1708
1264|NAdam|7|5|0.1525
1265|NAdam|7|6|0.1331
1266|NAdam|7|7|0.1273
1267|NAdam|7|8|0.1203
1268|NAdam|7|9|0.1217
1269|NAdam|7|10|0.1248
1270|NAdam|8|1|0.3949
1271|NAdam|8|2|0.2489
1272|NAdam|8|3|0.2065
1273|NAdam|8|4|0.176
1274|NAdam|8|5|0.1546
1275|NAdam|8|6|0.1384
1276|NAdam|8|7|0.1302
1277|NAdam|8|8|0.1241
1278|NAdam|8|9|0.1221
1279|NAdam|8|10|0.129
1280|NAdam|9|1|0.3778
1281|NAdam|9|2|0.2378
1282|NAdam|9|3|0.195
1283|NAdam|9|4|0.1673
1284|NAdam|9|5|0.1445
1285|NAdam|9|6|0.1289
1286|NAdam|9|7|0.1216
1287|NAdam|9|8|0.1192
1288|NAdam|9|9|0.1217
1289|NAdam|9|10|0.1225
1290|NAdam|10|1|0.3859
1291|NAdam|10|2|0.2472
1292|NAdam|10|3|0.2019
1293|NAdam|10|4|0.173
1294|NAdam|10|5|0.1539
1295|NAdam|10|6|0.1371
1296|NAdam|10|7|0.1245
1297|NAdam|10|8|0.1266
1298|NAdam|10|9|0.119
1299|NAdam|10|10|0.1231
1300|NAdamW|1|1|0.393
1301|NAdamW|1|2|0.2448
1302|NAdamW|1|3|0.2001
1303|NAdamW|1|4|0.1695
1304|NAdamW|1|5|0.1468
1305|NAdamW|1|6|0.1356
1306|NAdamW|1|7|0.1246
1307|NAdamW|1|8|0.1235
1308|NAdamW|1|9|0.1136
1309|NAdamW|1|10|0.1203
1310|NAdamW|2|1|0.3971
1311|NAdamW|2|2|0.2462
1312|NAdamW|2|3|0.2007
1313|NAdamW|2|4|0.1715
1314|NAdamW|2|5|0.1498
1315|NAdamW|2|6|0.1337
1316|NAdamW|2|7|0.1271
1317|NAdamW|2|8|0.1223
1318|NAdamW|2|9|0.1178
1319|NAdamW|2|10|0.127
1320|NAdamW|3|1|0.3872
1321|NAdamW|3|2|0.2439
1322|NAdamW|3|3|0.1991
1323|NAdamW|3|4|0.1699
1324|NAdamW|3|5|0.1488
1325|NAdamW|3|6|0.1341
1326|NAdamW|3|7|0.1279
1327|NAdamW|3|8|0.1217
1328|NAdamW|3|9|0.1193
1329|NAdamW|3|10|0.1253
1330|NAdamW|4|1|0.3832
1331|NAdamW|4|2|0.2407
1332|NAdamW|4|3|0.1975
1333|NAdamW|4|4|0.1687
1334|NAdamW|4|5|0.147
1335|NAdamW|4|6|0.1339
1336|NAdamW|4|7|0.1235
1337|NAdamW|4|8|0.1206
1338|NAdamW|4|9|0.1158
1339|NAdamW|4|10|0.1235
1340|NAdamW|5|1|0.3819
1341|NAdamW|5|2|0.2395
1342|NAdamW|5|3|0.1977
1343|NAdamW|5|4|0.1688
1344|NAdamW|5|5|0.1469
1345|NAdamW|5|6|0.1347
1346|NAdamW|5|7|0.1279
1347|NAdamW|5|8|0.1236
1348|NAdamW|5|9|0.1184
1349|NAdamW|5|10|0.1241
1350|NAdamW|6|1|0.4
1351|NAdamW|6|2|0.2488
1352|NAdamW|6|3|0.2032
1353|NAdamW|6|4|0.1749
1354|NAdamW|6|5|0.1547
1355|NAdamW|6|6|0.135
1356|NAdamW|6|7|0.1257
1357|NAdamW|6|8|0.1204
1358|NAdamW|6|9|0.1176
1359|NAdamW|6|10|0.1169
1360|NAdamW|7|1|0.3845
1361|NAdamW|7|2|0.2402
1362|NAdamW|7|3|0.1997
1363|NAdamW|7|4|0.1715
1364|NAdamW|7|5|0.1488
1365|NAdamW|7|6|0.1383
1366|NAdamW|7|7|0.126
1367|NAdamW|7|8|0.1275
1368|NAdamW|7|9|0.1177
1369|NAdamW|7|10|0.1249
1370|NAdamW|8|1|0.3943
1371|NAdamW|8|2|0.249
1372|NAdamW|8|3|0.2053
1373|NAdamW|8|4|0.176
1374|NAdamW|8|5|0.1541
1375|NAdamW|8|6|0.1399
1376|NAdamW|8|7|0.1295
1377|NAdamW|8|8|0.1235
1378|NAdamW|8|9|0.1251
1379|NAdamW|8|10|0.1306
1380|NAdamW|9|1|0.3784
1381|NAdamW|9|2|0.237
1382|NAdamW|9|3|0.1955
1383|NAdamW|9|4|0.1663
1384|NAdamW|9|5|0.1479
1385|NAdamW|9|6|0.1316
1386|NAdamW|9|7|0.1231
1387|NAdamW|9|8|0.1129
1388|NAdamW|9|9|0.1263
1389|NAdamW|9|10|0.1192
1390|NAdamW|10|1|0.3852
1391|NAdamW|10|2|0.2466
1392|NAdamW|10|3|0.2016
1393|NAdamW|10|4|0.172
1394|NAdamW|10|5|0.1544
1395|NAdamW|10|6|0.1389
1396|NAdamW|10|7|0.1274
1397|NAdamW|10|8|0.1275
1398|NAdamW|10|9|0.1261
1399|NAdamW|10|10|0.1239
1400|AMSGrad|1|1|0.4114
1401|AMSGrad|1|2|0.2536
1402|AMSGrad|1|3|0.2064
1403|AMSGrad|1|4|0.1726
1404|AMSGrad|1|5|0.1437
1405|AMSGrad|1|6|0.1209
1406|AMSGrad|1|7|0.0979
1407|AMSGrad|1|8|0.0803
1408|AMSGrad|1|9|0.0637
1409|AMSGrad|1|10|0.0495
1410|AMSGrad|2|1|0.4208
1411|AMSGrad|2|2|0.2613
1412|AMSGrad|2|3|0.2106
1413|AMSGrad|2|4|0.175
1414|AMSGrad|2|5|0.1459
1415|AMSGrad|2|6|0.1207
1416|AMSGrad|2|7|0.0986
1417|AMSGrad|2|8|0.0799
1418|AMSGrad|2|9|0.062
1419|AMSGrad|2|10|0.0473
1420|AMSGrad|3|1|0.4075
1421|AMSGrad|3|2|0.2557
1422|AMSGrad|3|3|0.2063
1423|AMSGrad|3|4|0.1732
1424|AMSGrad|3|5|0.1453
1425|AMSGrad|3|6|0.1175
1426|AMSGrad|3|7|0.0968
1427|AMSGrad|3|8|0.0758
1428|AMSGrad|3|9|0.0601
1429|AMSGrad|3|10|0.0464
1430|AMSGrad|4|1|0.4036
1431|AMSGrad|4|2|0.2542
1432|AMSGrad|4|3|0.2035
1433|AMSGrad|4|4|0.1726
1434|AMSGrad|4|5|0.1422
1435|AMSGrad|4|6|0.1189
1436|AMSGrad|4|7|0.0983
1437|AMSGrad|4|8|0.0761
1438|AMSGrad|4|9|0.0583
1439|AMSGrad|4|10|0.0439
1440|AMSGrad|5|1|0.3992
1441|AMSGrad|5|2|0.2479
1442|AMSGrad|5|3|0.2029
1443|AMSGrad|5|4|0.1682
1444|AMSGrad|5|5|0.141
1445|AMSGrad|5|6|0.1175
1446|AMSGrad|5|7|0.0949
1447|AMSGrad|5|8|0.0751
1448|AMSGrad|5|9|0.0599
1449|AMSGrad|5|10|0.0447
1450|AMSGrad|6|1|0.4123
1451|AMSGrad|6|2|0.2621
1452|AMSGrad|6|3|0.2149
1453|AMSGrad|6|4|0.1791
1454|AMSGrad|6|5|0.1509
1455|AMSGrad|6|6|0.1251
1456|AMSGrad|6|7|0.1026
1457|AMSGrad|6|8|0.0817
1458|AMSGrad|6|9|0.0646
1459|AMSGrad|6|10|0.0495
1460|AMSGrad|7|1|0.4054
1461|AMSGrad|7|2|0.2508
1462|AMSGrad|7|3|0.2001
1463|AMSGrad|7|4|0.1661
1464|AMSGrad|7|5|0.1373
1465|AMSGrad|7|6|0.1124
1466|AMSGrad|7|7|0.0897
1467|AMSGrad|7|8|0.0705
1468|AMSGrad|7|9|0.054
1469|AMSGrad|7|10|0.0413
1470|AMSGrad|8|1|0.4095
1471|AMSGrad|8|2|0.2622
1472|AMSGrad|8|3|0.2122
1473|AMSGrad|8|4|0.1796
1474|AMSGrad|8|5|0.1503
1475|AMSGrad|8|6|0.1233
1476|AMSGrad|8|7|0.1007
1477|AMSGrad|8|8|0.0794
1478|AMSGrad|8|9|0.0634
1479|AMSGrad|8|10|0.0507
1480|AMSGrad|9|1|0.398
1481|AMSGrad|9|2|0.2494
1482|AMSGrad|9|3|0.2024
1483|AMSGrad|9|4|0.1693
1484|AMSGrad|9|5|0.1379
1485|AMSGrad|9|6|0.1117
1486|AMSGrad|9|7|0.0892
1487|AMSGrad|9|8|0.0683
1488|AMSGrad|9|9|0.051
1489|AMSGrad|9|10|0.0381
1490|AMSGrad|10|1|0.4008
1491|AMSGrad|10|2|0.2577
1492|AMSGrad|10|3|0.2103
1493|AMSGrad|10|4|0.1737
1494|AMSGrad|10|5|0.1438
1495|AMSGrad|10|6|0.12
1496|AMSGrad|10|7|0.097
1497|AMSGrad|10|8|0.077
1498|AMSGrad|10|9|0.0595
1499|AMSGrad|10|10|0.048
1500|Shampoo|1|1|1.5076
1501|Shampoo|1|2|0.6259
1502|Shampoo|1|3|0.5106
1503|Shampoo|1|4|0.4578
1504|Shampoo|1|5|0.4208
1505|Shampoo|1|6|0.3935
1506|Shampoo|1|7|0.372
1507|Shampoo|1|8|0.3517
1508|Shampoo|1|9|0.3349
1509|Shampoo|1|10|0.3212
1510|Shampoo|2|1|1.5357
1511|Shampoo|2|2|0.6115
1512|Shampoo|2|3|0.5003
1513|Shampoo|2|4|0.4514
1514|Shampoo|2|5|0.4156
1515|Shampoo|2|6|0.3888
1516|Shampoo|2|7|0.3655
1517|Shampoo|2|8|0.3468
1518|Shampoo|2|9|0.3318
1519|Shampoo|2|10|0.3173
1520|Shampoo|3|1|1.474
1521|Shampoo|3|2|0.6058
1522|Shampoo|3|3|0.4892
1523|Shampoo|3|4|0.434
1524|Shampoo|3|5|0.4026
1525|Shampoo|3|6|0.3786
1526|Shampoo|3|7|0.3586
1527|Shampoo|3|8|0.3407
1528|Shampoo|3|9|0.325
1529|Shampoo|3|10|0.3117
1530|Shampoo|4|1|1.5562
1531|Shampoo|4|2|0.6387
1532|Shampoo|4|3|0.5113
1533|Shampoo|4|4|0.4612
1534|Shampoo|4|5|0.4251
1535|Shampoo|4|6|0.3957
1536|Shampoo|4|7|0.3753
1537|Shampoo|4|8|0.3562
1538|Shampoo|4|9|0.3396
1539|Shampoo|4|10|0.3251
1540|Shampoo|5|1|1.4888
1541|Shampoo|5|2|0.6197
1542|Shampoo|5|3|0.5054
1543|Shampoo|5|4|0.4534
1544|Shampoo|5|5|0.4167
1545|Shampoo|5|6|0.3879
1546|Shampoo|5|7|0.366
1547|Shampoo|5|8|0.3489
1548|Shampoo|5|9|0.3339
1549|Shampoo|5|10|0.3209
1550|Shampoo|6|1|1.4247
